,상호명,지점명,시도명,시군구명,도로명주소
17604,빽다방,춘천석사CGV점,강원도,춘천시,강원도 춘천시 지석로 85
20127,빽다방동해천곡점,동해천곡점,강원도,동해시,강원도 동해시 한섬로 111-7
22735,빽다방,원주중앙1호점,강원도,원주시,강원도 원주시 원일로115번길 6
33765,빽다방,삼척대학로점,강원도,삼척시,강원도 삼척시 대학로 23
41142,빽다방,,강원도,원주시,강원도 원주시 무실로12번길 33
44529,빽다방,홍천중앙점,강원도,홍천군,강원도 홍천군 홍천읍 꽃뫼로 99
65081,빽다방,,강원도,원주시,강원도 원주시 원일로 115
84177,빽다방,원주혁신도시점,강원도,원주시,강원도 원주시 혁신로 61
88565,빽다방,강원대점,강원도,춘천시,강원도 춘천시 서부대성로239번길 4
89661,빽다방강릉교동중앙점,강릉교동중앙점,강원도,강릉시,강원도 강릉시 솔올로 51
96390,빽다방,강릉금학점,강원도,강릉시,강원도 강릉시 신대학길 14
100963,빽다방,화천사내면점,강원도,화천군,강원도 화천군 사내면 사내로 40-3
1045,빽다방,포천송우중앙점,경기도,포천시,경기도 포천시 소흘읍 송우로 80
4367,더본코리아_빽다방동탄,은행사거리점,경기도,화성시,경기도 화성시 동탄지성로 121
7237,더본코리아_빽다방군포당정역,은하점,경기도,군포시,경기도 군포시 고산로 248
27954,빽다방,명학역점,경기도,안양시 만안구,경기도 안양시 만안구 안양로 110
31411,빽다방,의왕계원예대점,경기도,의왕시,경기도 의왕시 계원대학로 40
34771,빽다방,미금역농협점,경기도,성남시 분당구,경기도 성남시 분당구 돌마로90번길 4
36085,빽다방,남양주덕소점,경기도,남양주시,경기도 남양주시 와부읍 덕소로 88
38683,빽다방,부천원종중앙점,경기도,부천시,경기도 부천시 소사로 747
39975,빽다방김포구래점,김포구래점,경기도,김포시,경기도 김포시 김포한강9로76번길 49
43248,빽다방부천심곡대성점,부천심곡대성점,경기도,부천시,경기도 부천시 부천로 79
44426,빽다방,단대오거리역점,경기도,성남시 중원구,경기도 성남시 중원구 산성대로 354
46800,빽다방,동탄북광장점,경기도,화성시,경기도 화성시 동탄중심상가2길 5
47670,빽다방,야탑역NC점,경기도,성남시 분당구,경기도 성남시 분당구 야탑로75번길 15
51566,빽다방,안양비산점,경기도,안양시 동안구,경기도 안양시 동안구 관악대로 177
51924,빽다방파주운정이마트점,파주운정이마트점,경기도,파주시,경기도 파주시 와석순환로 125
61050,빽다방,평촌CGV점,경기도,안양시 동안구,경기도 안양시 동안구 관평로170번길 33
65552,빽다방,판교유스페이스점,경기도,성남시 분당구,경기도 성남시 분당구 대왕판교로 660
69345,빽다방,광교월드스퀘어점,경기도,수원시 영통구,경기도 수원시 영통구 센트럴타운로 107
70733,빽다방광교상현신명점,광교상현신명점,경기도,용인시 수지구,경기도 용인시 수지구 광교중앙로 316
72261,빽다방,강남대점,경기도,용인시 기흥구,경기도 용인시 기흥구 강남로 3
73913,빽다방,안산본오주공점,경기도,안산시 상록구,경기도 안산시 상록구 샘골로 189
74154,빽다방,구리인창늘푸른점,경기도,구리시,경기도 구리시 건원대로34번길 51
83961,빽다방,시흥능곡점,경기도,시흥시,경기도 시흥시 승지로 58
84117,빽다방,김포사우점,경기도,김포시,경기도 김포시 돌문로 50
85177,빽다방,시흥세종프라자점,경기도,시흥시,경기도 시흥시 함송로 24
88596,빽다방,망월사역점,경기도,의정부시,경기도 의정부시 평화로 196
90560,빽다방,평택소사벌1호점,경기도,평택시,경기도 평택시 평남로 941
91157,빽다방,부천원미사거리점,경기도,부천시,경기도 부천시 원미로 119
92661,빽다방,경기광주경안점,경기도,광주시,경기도 광주시 중앙로 110
96032,빽다방,수원정자백설점,경기도,수원시 장안구,경기도 수원시 장안구 정자천로173번길 17
96332,빽다방,광명사거리역점,경기도,광명시,경기도 광명시 오리로 987
96488,빽다방,수원장안CGV점,경기도,수원시 장안구,경기도 수원시 장안구 경수대로 940
96714,빽다방,구리돌다리점,경기도,구리시,경기도 구리시 검배로6번길 27
97082,빽다방,파주금릉역점,경기도,파주시,경기도 파주시 금빛로 24
97896,빽다방,,경기도,용인시 기흥구,경기도 용인시 기흥구 관곡로64번길 18
98612,빽다방,용인죽전누리점,경기도,용인시 기흥구,경기도 용인시 기흥구 죽전로 20
98721,빽다방,평택안중점,경기도,평택시,경기도 평택시 안중읍 안현로서8길 57
100872,빽다방,일산문화공원점,경기도,고양시 일산동구,경기도 고양시 일산동구 중앙로1275번길 38-10
102782,빽다방,김포풍무역점,경기도,김포시,경기도 김포시 유현로238번길 31
103802,빽다방용인롯데시네마점,용인롯데시네마점,경기도,용인시 처인구,경기도 용인시 처인구 금령로 93
106383,빽다방,분당서현대명점,경기도,성남시 분당구,경기도 성남시 분당구 황새울로360번길 12
110458,빽다방,옥길퀸즈파크점,경기도,부천시,경기도 부천시 옥길로 118
110719,빽다방,산본사거리점,경기도,군포시,경기도 군포시 고산로 694-1
112962,빽다방,하남신장시장점,경기도,하남시,경기도 하남시 신장로 122
113497,빽다방,산성역점,경기도,성남시 수정구,경기도 성남시 수정구 수정로 346
120063,빽다방,파주교하중앙점,경기도,파주시,경기도 파주시 청석로 262
123430,빽다방,안산원곡보성점,경기도,안산시,경기도 안산시 단원구 원초로 30
126281,빽다방,안산초지풍림점,경기도,안산시 단원구,경기도 안산시 단원구 광덕1로 64
130620,빽다방,야탑역대덕점,경기도,성남시 분당구,경기도 성남시 분당구 성남대로926번길 6
133945,빽다방시흥거모점,시흥거모점,경기도,시흥시,경기도 시흥시 군자로 517
135508,빽다방,평택팽성점,경기도,평택시,경기도 평택시 팽성읍 팽성송화로 219
137107,빽다방부천약대점,부천약대점,경기도,부천시,경기도 부천시 평천로 718
137438,빽다방,화성수원대점,경기도,화성시,경기도 화성시 봉담읍 와우로 108
137721,빽다방,,경기도,수원시 팔달구,경기도 수원시 팔달구 덕영대로 931-1
138725,빽다방,고양원흥역점,경기도,고양시 덕양구,경기도 고양시 덕양구 삼송로 12
143176,빽다방,김포장기역점,경기도,김포시,경기도 김포시 김포한강1로51번길 28
143272,빽다방시흥월곶점,시흥월곶점,경기도,시흥시,경기도 시흥시 월곶중앙로 59
147479,빽다방,파주금촌1호점,경기도,파주시,경기도 파주시 문화로 102
150761,빽다방,분당서현교보점,경기도,성남시 분당구,경기도 성남시 분당구 분당로53번길 9
150823,빽다방,용인구성역점,경기도,용인시 기흥구,경기도 용인시 기흥구 연원로42번길 2
153786,빽다방,,경기도,수원시 권선구,경기도 수원시 권선구 금곡로196번길 62
155875,빽다방,군포당정삼거리점,경기도,군포시,경기도 군포시 고산로151번길 7
158056,빽다방,안양1번가점,경기도,안양시 만안구,경기도 안양시 만안구 장내로139번길 35
158525,빽다방고양삼송신원점,고양삼송신원점,경기도,고양시 덕양구,경기도 고양시 덕양구 신원로 40-46
161147,빽다방,성남을지대점,경기도,성남시 수정구,경기도 성남시 수정구 산성대로 535
161851,빽다방,동탄솔빛나루점,경기도,화성시,경기도 화성시 동탄중앙로 76
164479,빽다방,산본학원가점,경기도,군포시,경기도 군포시 산본로 394
164622,빽다방안양남부시장점,안양남부시장점,경기도,안양시 만안구,경기도 안양시 만안구 안양로 259
165382,빽다방,부천상지초교점,경기도,부천시,경기도 부천시 장말로199번길 6-4
169972,빽다방,용인동백역점,경기도,용인시 기흥구,경기도 용인시 기흥구 동백중앙로 175
172815,빽다방,수원권선이마트점,경기도,수원시 권선구,경기도 수원시 권선구 덕영대로1201번길 28
173679,빽다방,안산중앙역점,경기도,안산시,경기도 안산시 단원구 중앙대로 907
175008,빽다방,경기광주이마트점,경기도,광주시,경기도 광주시 광주대로 30
175512,빽다방,동백쥬네브점,경기도,용인시 기흥구,경기도 용인시 기흥구 동백중앙로 283
175529,빽다방,분당정자엠코점,경기도,성남시 분당구,경기도 성남시 분당구 정자일로 146
177100,빽다방분당서현점,분당서현점,경기도,성남시 분당구,경기도 성남시 분당구 황새울로 325
178030,빽다방,평택소사벌1호점,경기도,평택시,경기도 평택시 평남로 929
178054,빽다방,의정민락위드점,경기도,의정부시,경기도 의정부시 오목로205번길 22
181684,빽다방김포장기쌍용점,김포장기쌍용점,경기도,김포시,경기도 김포시 김포한강2로23번길 50
185512,빽다방,,경기도,동두천시,경기도 동두천시 지행로 56
186466,빽다방,역곡점,경기도,부천시,경기도 부천시 부일로 748
187355,빽다방,,경기도,고양시 일산서구,경기도 고양시 일산서구 일현로 97-11
187424,빽다방,,경기도,구리시,경기도 구리시 산마루로 11-12
189482,빽다방,별내북부점,경기도,남양주시,경기도 남양주시 별내3로 322
190136,빽다방,수원천천롯데점,경기도,수원시 장안구,경기도 수원시 장안구 만석로19번길 25-3
191331,빽다방,문산시장점,경기도,파주시,경기도 파주시 문산읍 문산로 37
193966,빽다방,행신역점,경기도,고양시 덕양구,경기도 고양시 덕양구 충경로 52
196192,빽다방동탄은행사거리점,동탄은행사거리점,경기도,화성시,경기도 화성시 동탄지성로 121
196358,빽다방,성남신흥역점,경기도,성남시 수정구,경기도 성남시 수정구 산성대로 267
200272,빽다방,의정부신곡점,경기도,의정부시,경기도 의정부시 발곡로 24
207334,빽다방,부천중동현대점,경기도,부천시,경기도 부천시 석천로169번길 34
208575,빽다방,이천로데오점,경기도,이천시,경기도 이천시 어재연로37번길 27
209423,빽다방,의왕역점,경기도,의왕시,경기도 의왕시 부곡중앙로 22
212358,빽다방,성남의료원점,경기도,성남시 수정구,경기도 성남시 수정구 수정로 176-1
216383,빽다방,용인죽전점,경기도,용인시 수지구,경기도 용인시 수지구 현암로 154
218935,빽다방,안산중앙역롯데점,경기도,안산시 단원구,경기도 안산시 단원구 고잔로 108
223885,빽다방,양주고읍점,경기도,양주시,경기도 양주시 고읍남로 7
223995,빽다방,김포통진마송점,경기도,김포시,경기도 김포시 통진읍 조강로 39
230984,빽다방,성남수진푸르지오점,경기도,성남시 중원구,경기도 성남시 중원구 광명로 89
236424,빽다방,박달시장점,경기도,안양시 만안구,경기도 안양시 만안구 양화로 130
238654,빽다방,미금역천사점,경기도,성남시 분당구,경기도 성남시 분당구 성남대로 165
238917,빽다방,산본중앙점,경기도,군포시,경기도 군포시 산본로343번길 23
239502,빽다방,,경기도,안산시 단원구,경기도 안산시 단원구 광덕대로 145
242089,빽다방,상동역푸른마을점,경기도,부천시,경기도 부천시 상동로 84
244660,빽다방,남양주장현점,경기도,남양주시,경기도 남양주시 진접읍 장현로 77
258088,빽다방,광명철산점,경기도,광명시,경기도 광명시 오리로856번길 25
267685,빽다방,일산동구청점,경기도,고양시 일산동구,경기도 고양시 일산동구 정발산로 38
272446,빽다방,산본역점,경기도,군포시,경기도 군포시 산본로323번길 16-5
277072,빽다방,안양역점,경기도,안양시 만안구,경기도 안양시 만안구 만안로 224
279244,빽다방,마두역점,경기도,고양시 일산동구,경기도 고양시 일산동구 중앙로 1189
293135,빽다방,파주운정산내점,경기도,파주시,경기도 파주시 청암로17번길 25
297390,빽다방,흥덕이마트점,경기도,용인시 기흥구,경기도 용인시 기흥구 흥덕2로87번길 18
297817,빽다방,화성향남중앙점,경기도,화성시,경기도 화성시 향남읍 행정중앙2로 63-34
303911,빽다방,,경기도,군포시,경기도 군포시 산본로323번길 16-7
317810,빽다방동탄영천한백점,동탄영천한백점,경기도,화성시,경기도 화성시 지산2길 4-2
318012,빽다방수원역점,수원역점,경기도,수원시 팔달구,경기도 수원시 팔달구 향교로 9-1
318701,빽다방,,경기도,군포시,경기도 군포시 고산로 248
320902,빽다방,시흥배곧메가점,경기도,시흥시,경기도 시흥시 서울대학로278번길 43-13
322535,빽다방,화성향남로데오점,경기도,화성시,경기도 화성시 향남읍 상신하길로328번길 26
322726,빽다방,광교법조타운점,경기도,수원시 영통구,경기도 수원시 영통구 광교중앙로266번길 22
323404,빽다방,병점점,경기도,화성시,경기도 화성시 효행로 1028
323941,빽다방,양평로데오점,경기도,양평군,경기도 양평군 양평읍 양평시장길 14-3
324170,빽다방,동탄중앙어울림점,경기도,화성시,경기도 화성시 동탄대로시범길 142
324628,빽다방,수원탑동점,경기도,수원시 권선구,경기도 수원시 권선구 탑동로3번길 13
334630,빽다방김포장기쌍용점,김포장기쌍용점,경기도,김포시,경기도 김포시 김포한강2로23번길 14
336548,빽다방,수원삼성전자정문점,경기도,수원시 영통구,경기도 수원시 영통구 삼성로 172-4
356602,빽다방,야당역점,경기도,파주시,경기도 파주시 소리천로8번길 24
365705,빽다방,문산당동점,경기도,파주시,경기도 파주시 문산읍 방촌로 1725
381105,빽다방,용인구성역점,경기도,용인시 기흥구,경기도 용인시 기흥구 용구대로 2398
391720,빽다방,동서울대점,경기도,성남시 수정구,경기도 성남시 수정구 복정로72번길 4
393156,빽다방,수원못골시장점,경기도,수원시 팔달구,경기도 수원시 팔달구 중부대로 42
409085,빽다방,오산시청점,경기도,오산시,경기도 오산시 운암로 35
410375,빽다방,송내역남부점,경기도,부천시,경기도 부천시 송내대로 33
414114,빽다방,광주태전점,경기도,광주시,경기도 광주시 고불로 56
414247,빽다방시흥대야롯데점,시흥대야롯데점,경기도,시흥시,경기도 시흥시 비둘기공원7길 51
414366,빽다방,의정부센트럴점,경기도,의정부시,경기도 의정부시 시민로 80
414787,빽다방,성남가천대점,경기도,성남시 수정구,경기도 성남시 수정구 성남대로 1330
416492,빽다방,김포구래점,경기도,김포시,경기도 김포시 김포한강9로 80
423341,빽다방,평내호평역점,경기도,남양주시,경기도 남양주시 늘을2로 32
428673,빽다방역점,,경기도,성남시 중원구,경기도 성남시 중원구 산성대로 354
436395,빽다방김포한강CGV점,김포한강CGV점,경기도,김포시,경기도 김포시 김포한강11로 288-32
446508,빽다방,,경기도,고양시 덕양구,경기도 고양시 덕양구 중앙로 450
448195,빽다방,범계역점,경기도,안양시 동안구,경기도 안양시 동안구 평촌대로223번길 42
450652,빽다방,모란역점,경기도,성남시 중원구,경기도 성남시 중원구 성남대로 1141
457692,빽다방,수내역초림점,경기도,성남시 분당구,경기도 성남시 분당구 백현로101번길 17
461608,빽다방,베이커리의왕왕송호수점,경기도,의왕시,경기도 의왕시 초평로 182
462103,빽다방,오산역점,경기도,오산시,경기도 오산시 대원로 14
463746,빽다방평택로데오,,경기도,평택시,경기도 평택시 평택2로10번길 34
463780,빽다방,고양원당중앙점,경기도,고양시 덕양구,경기도 고양시 덕양구 호국로 809
467393,빽다방,일산주엽역점,경기도,고양시 일산서구,경기도 고양시 일산서구 강성로 121
470464,빽다방,시흥장곡공원점,경기도,시흥시,경기도 시흥시 진말로9번길 15
473605,빽다방,판교역점,경기도,성남시 분당구,경기도 성남시 분당구 대왕판교로606번길 31
473875,빽다방,김포풍무사거리점,경기도,김포시,경기도 김포시 풍무로 112
477968,빽다방,다산중앙점,경기도,남양주시,경기도 남양주시 다산중앙로123번길 9
485776,빽다방,부천강남시장점,경기도,부천시,경기도 부천시 옥산로 155
490957,빽다방,,경기도,김포시,경기도 김포시 김포한강8로162번길 10
491354,빽다방,안산초지역푸르지오점,경기도,안산시 단원구,경기도 안산시 단원구 화랑로 150
491866,빽다방,평택포승점,경기도,평택시,경기도 평택시 포승읍 여술2길 24
492415,빽다방,군포첨단점,경기도,군포시,경기도 군포시 번영로 40
493578,빽다방,서정리역점,경기도,평택시,경기도 평택시 정암로 6
494073,빽다방,일산위시티점,경기도,고양시 일산동구,경기도 고양시 일산동구 위시티2로11번길 11
495670,빽다방,김포감정점,경기도,김포시,경기도 김포시 중봉로 12
495931,빽다방,,경기도,용인시 수지구,경기도 용인시 수지구 문인로54번길 2
496316,빽다방,수지성복점,경기도,용인시 수지구,경기도 용인시 수지구 성복1로 106
497412,빽다방,수원황골마을점,경기도,수원시 영통구,경기도 수원시 영통구 영통로 511
497451,빽다방,수원권선시장점,경기도,수원시 권선구,경기도 수원시 권선구 세권로 184
497467,빽다방,용인구성언남점,경기도,용인시 기흥구,경기도 용인시 기흥구 구성로 102
497674,빽다방,고양신원당점,경기도,고양시 덕양구,경기도 고양시 덕양구 고양대로1384번길 7-5
497696,빽다방,고양덕은드림점,경기도,고양시 덕양구,경기도 고양시 덕양구 으뜸로 124
498439,빽다방,풍동점,경기도,고양시 일산동구,경기도 고양시 일산동구 숲속마을로 44
498948,빽다방,미사스마트밸리점,경기도,하남시,경기도 하남시 미사강변서로 16
499365,빽다방,덕양구청점,경기도,고양시 덕양구,경기도 고양시 덕양구 화정로 53-1
500874,빽다방,김포사우점,경기도,김포시,경기도 김포시 사우중로 79
501757,빽다방,태전한아람초점,경기도,광주시,경기도 광주시 태봉로 145-1
503178,빽다방,일산백마점,경기도,고양시 일산동구,경기도 고양시 일산동구 일산로 208
1986,더본코리아_빽다방진주경상대,1호점,경상남도,진주시,경상남도 진주시 진주대로516번길 6-1
2281,더본코리아_빽다방경남,고성송학점,경상남도,고성군,경상남도 고성군 고성읍 송학로 140
3569,빽다방,통영시립도서관점,경상남도,통영시,경상남도 통영시 무전3길 14
6624,더본코리아_빽다방통영,시립도서관점,경상남도,통영시,경상남도 통영시 무전3길 14
7152,빽다방,진주로데오점,경상남도,진주시,경상남도 진주시 촉석로186번길 6
9568,빽다방,경남거창중앙점,경상남도,거창군,경상남도 거창군 거창읍 중앙로 123
31629,빽다방,창원경남대점,경상남도,창원시 마산합포구,경상남도 창원시 마산합포구 해안대로 2
36391,빽다방,김해내외동점,경상남도,김해시,경상남도 김해시 내외중앙로 47
41769,빽다방,통영터미널점,경상남도,통영시,경상남도 통영시 광도면 죽림4로 37-11
41792,빽다방양산터미널점,양산터미널점,경상남도,양산시,경상남도 양산시 양산역4길 7
55206,빽다방김해진영신도시점,김해진영신도시점,경상남도,김해시,경상남도 김해시 진영읍 김해대로361번길 8
56664,빽다방경남고성송학점,경남고성송학점,경상남도,고성군,경상남도 고성군 고성읍 송학로 140
58767,빽다방,진주호탄점,경상남도,진주시,경상남도 진주시 강변길9번길 6
72583,빽다방,창원시티세븐점,경상남도,창원시 의창구,경상남도 창원시 의창구 창원천로94번길 19
73691,빽다방,진주과기대점,경상남도,진주시,경상남도 진주시 동진로 21
75913,빽다방,진주경상대1호점,경상남도,진주시,경상남도 진주시 진주대로516번길 6-1
88285,빽다방,진주초전점,경상남도,진주시,경상남도 진주시 초장로14번길 4-12
146422,빽다방,창원상남시장점,경상남도,창원시 성산구,경상남도 창원시 성산구 마디미로 39
148631,빽다방,김해장유점,경상남도,김해시,경상남도 김해시 삼문로 22
156581,빽다방,경남함양점,경상남도,함양군,경상남도 함양군 함양읍 함양초등길 60
157208,빽다방,진주역점,경상남도,진주시,경상남도 진주시 관문로 7
157241,빽다방,진주금산점,경상남도,진주시,경상남도 진주시 금산면 중천로 80
157794,빽다방,하동점,경상남도,하동군,경상남도 하동군 하동읍 경서대로 136
5729,빽다방,포항죽도시장점,경상북도,포항시 북구,경상북도 포항시 북구 중앙로 256-3
6259,빽다방,구미인동점,경상북도,구미시,경상북도 구미시 인동중앙로 8
9298,빽다방,경산영남대점,경상북도,경산시,경상북도 경산시 대학로 283-2
9463,빽다방,포항영일대점,경상북도,포항시 북구,경상북도 포항시 북구 삼호로 237
18880,빽다방,구미옥계삼구점,경상북도,구미시,경상북도 구미시 옥계북로 33
25168,빽다방,구미형곡점,경상북도,구미시,경상북도 구미시 신시로 59
29085,빽다방경산하양중앙점,경산하양중앙점,경상북도,경산시,경상북도 경산시 하양읍 하양로 74
34900,빽다방,울진후포점,경상북도,울진군,경상북도 울진군 후포면 후포로 38-1
50890,빽다방,영주가흥동점,경상북도,영주시,경상북도 영주시 대동로34번길 2
51228,빽다방구미상모점,구미상모점,경상북도,구미시,경상북도 구미시 상사서로 77
51628,빽다방,포항문덕점,경상북도,포항시 남구,경상북도 포항시 남구 오천읍 원동로 24
52248,빽다방,구미확장단지점,경상북도,구미시,경상북도 구미시 산동면 신당1로2길 13
89703,빽다방,예천신도시점,경상북도,예천군,경상북도 예천군 호명면 새움3로 26
101651,빽다방,,경상북도,안동시,경상북도 안동시 광명로 171-1
115484,빽다방,경주분황사점,경상북도,경주시,경상북도 경주시 알천남로 314
129159,빽다방,경산옥곡점,경상북도,경산시,경상북도 경산시 경산로16길 2-6
134544,빽다방,경산진량점,경상북도,경산시,경상북도 경산시 진량읍 공단1로 2
135792,빽다방,포항인덕점,경상북도,포항시 남구,경상북도 포항시 남구 인덕로 56
136821,빽다방,문경모전점,경상북도,문경시,경상북도 문경시 모전로 61
137568,빽다방,왜관역점,경상북도,칠곡군,경상북도 칠곡군 왜관읍 중앙로8길 7
2644,빽다방,광주첨단로데오점,광주광역시,광산구,광주광역시 광산구 첨단중앙로106번길 11
8416,빽다방전남대후문,,광주광역시,북구,광주광역시 북구 우치로90번길 16
9912,빽다방광주충장로2호점,광주충장로2호점,광주광역시,동구,광주광역시 동구 금남로 246
13005,빽다방광주구시청점,광주구시청점,광주광역시,동구,광주광역시 동구 백서로125번길 45
33471,빽다방,,광주광역시,서구,광주광역시 서구 죽봉대로 95
34752,빽다방,광주상무메가점,광주광역시,서구,광주광역시 서구 시청로60번길 21-6
48536,빽다방,봉선쌍용점,광주광역시,남구,광주광역시 남구 봉선로 172
58159,빽다방,광주충장로점1호점,광주광역시,동구,광주광역시 동구 중앙로160번길 15-6
59824,신쭈꾸미빽다방,,광주광역시,동구,광주광역시 동구 백서로125번길 45
66260,빽다방,광주호남대점,광주광역시,광산구,광주광역시 광산구 선운로 8
67271,빽다방,첨단2지구점,광주광역시,북구,광주광역시 북구 첨단연신로107번길 15
67691,빽다방,광주일곡점,광주광역시,북구,광주광역시 북구 설죽로 516
1242,빽다방,대구성서롯데점,대구광역시,달서구,대구광역시 달서구 성서로 414
5694,빽다방,신매협화점,대구광역시,수성구,대구광역시 수성구 신매로 91
7014,빽다방,대구대실역점,대구광역시,달성군,대구광역시 달성군 다사읍 대실역북로1길 9
11624,빽다방대구혁신,,대구광역시,동구,대구광역시 동구 첨단로8길 10
12379,빽다방대구경대병원점,대구경대병원점,대구광역시,중구,대구광역시 중구 동덕로26길 18
13084,빽다방,대구율하광장점,대구광역시,동구,대구광역시 동구 안심로22길 40
13513,빽다방대구보건대점,대구보건대점,대구광역시,북구,대구광역시 북구 칠곡중앙대로69길 26
13700,빽다방,대구반월당현대점,대구광역시,중구,대구광역시 중구 달구벌대로 2081-22
14051,빽다방,대구반월당지하점,대구광역시,중구,대구광역시 중구 달구벌대로 2100
16910,빽다방,대구두류우체국점,대구광역시,달서구,대구광역시 달서구 달구벌대로344길 34
17445,빽다방,대구대실역점,대구광역시,달성군,대구광역시 달성군 다사읍 달구벌대로 866
20179,빽다방,만촌점,대구광역시,수성구,대구광역시 수성구 교학로 58
26587,빽다방,범어KBS점,대구광역시,수성구,대구광역시 수성구 범어로 73
29400,빽다방대구다사세천점,대구다사세천점,대구광역시,달성군,대구광역시 달성군 다사읍 세천로 160
35713,빽다방,서부정류장역점,대구광역시,달서구,대구광역시 달서구 구마로 264
38795,빽다방,대구월성원더풀점,대구광역시,달서구,대구광역시 달서구 조암로 48
56362,빽다방대구신월성점,대구신월성점,대구광역시,달서구,대구광역시 달서구 조암로 29
89544,빽다방,대구칠곡타운점,대구광역시,북구,대구광역시 북구 학정로 439
91021,빽다방,대구칠곡점,대구광역시,북구,대구광역시 북구 칠곡중앙대로 638
97873,빽다방,대구용산점,대구광역시,달서구,대구광역시 달서구 용산서로 9
98178,빽다방,대구월배점,대구광역시,달서구,대구광역시 달서구 조암로 149
99091,빽다방,대구서구청점,대구광역시,서구,대구광역시 서구 국채보상로 254
99288,빽다방,침산오페라점,대구광역시,북구,대구광역시 북구 침산로 100
7649,빽다방,서대전홈플러스점,대전광역시,중구,대전광역시 중구 계백로 1690
8361,빽다방대전우송대점,대전우송대점,대전광역시,동구,대전광역시 동구 동대전로 169
8867,빽다방서대전홈플러스점,서대전홈플러스점,대전광역시,중구,대전광역시 중구 계백로1686번길 16
9339,빽다방,대전시청역점,대전광역시,서구,대전광역시 서구 둔산중로 40
10300,빽다방,대전관평중점,대전광역시,유성구,대전광역시 유성구 테크노4로 115
11975,빽다방,대전둔산향촌점,대전광역시,서구,대전광역시 서구 둔산로 14
12149,빽다방,대전월평역점,대전광역시,서구,대전광역시 서구 월평중로 20
17226,빽다방대전관저중앙점,대전관저중앙점,대전광역시,서구,대전광역시 서구 관저로 157
18640,빽다방,대전중앙로지하점,대전광역시,중구,대전광역시 중구 중앙로 145
18999,빽다방,대전탄방로데오점,대전광역시,서구,대전광역시 서구 둔산중로14번길 36
20023,빽다방대전가수원중앙점,대전가수원중앙점,대전광역시,서구,대전광역시 서구 계백로 1135
20302,빽다방,대전선병원점,대전광역시,중구,대전광역시 중구 목중로 18
21327,빽다방충남대병원점,충남대병원점,대전광역시,중구,대전광역시 중구 계룡로920번길 36
21938,빽다방대전역점대전역점,대전역점,대전광역시,동구,대전광역시 동구 대전로815번길 3
22141,빽다방,대전유천버드내점,대전광역시,중구,대전광역시 중구 태평로 22-1
23015,빽다방,대전정부청사점,대전광역시,서구,대전광역시 서구 둔산중로134번길 29
25994,빽다방,대전관저더샵점,대전광역시,서구,대전광역시 서구 관저로 23
26635,빽다방,죽동점,대전광역시,유성구,대전광역시 유성구 죽동로 295
26709,빽다방,대전봉명우산점,대전광역시,유성구,대전광역시 유성구 문화원로 86
28520,빽다방,대전송촌공원점,대전광역시,대덕구,대전광역시 대덕구 송촌북로16번길 58
31055,빽다방,전민중앙점,대전광역시,유성구,대전광역시 유성구 유성대로 1740
32670,빽다방,대전둔산중앙점,대전광역시,서구,대전광역시 서구 대덕대로185번길 22
35739,빽다방,대전목원대점,대전광역시,서구,대전광역시 서구 도안북로93번길 31
36463,빽다방,대전은행점,대전광역시,중구,대전광역시 중구 중앙로156번길 24
36598,빽다방,충남대후문점,대전광역시,유성구,대전광역시 유성구 궁동로18번길 37
40213,빽다방,대전한남대점,대전광역시,대덕구,대전광역시 대덕구 한남로 27
41940,빽다방,서대전샘물타운점,대전광역시,유성구,대전광역시 유성구 원내로 38
49510,빽다방,탑립테크노점,대전광역시,유성구,대전광역시 유성구 테크노10로 31
58174,빽다방가오CGV점,가오CGV점,대전광역시,동구,대전광역시 동구 은어송로 59
58511,빽다방,대전법원점,대전광역시,서구,대전광역시 서구 둔산로137번길 27
60442,빽다방,대전터미널서관점,대전광역시,동구,대전광역시 동구 동서대로 1689
63867,빽다방,대전배재대점,대전광역시,서구,대전광역시 서구 배재로 160
65050,빽다방,대전신성점,대전광역시,유성구,대전광역시 유성구 신성남로 61
65278,빽다방,건양대병원점,대전광역시,서구,대전광역시 서구 관저동로 170
65302,빽다방,도마네거리점,대전광역시,서구,대전광역시 서구 도산로 38
319,빽다방,부산광복로점,부산광역시,중구,부산광역시 중구 남포길 25-6
14118,빽다방,,부산광역시,부산진구,부산광역시 부산진구 중앙대로680번가길 9
18319,빽다방,서면영광도서점,부산광역시,부산진구,부산광역시 부산진구 서면문화로 11-2
18326,빽다방,부산구남역점,부산광역시,북구,부산광역시 북구 백양대로 1038
24061,빽다방,부산사직시장점,부산광역시,동래구,부산광역시 동래구 사직북로 26
24257,빽다방부산대역점,부산대역점,부산광역시,금정구,부산광역시 금정구 장전온천천로 51
28034,빽다방,부산재송점,부산광역시,해운대구,부산광역시 해운대구 재반로 86
33823,홍콩반점&빽다방Ⅰ,부산구남역점,부산광역시,북구,부산광역시 북구 백양대로 1038
43365,빽다방남포광장점,남포광장점,부산광역시,중구,부산광역시 중구 비프광장로 13-1
43904,빽다방,부산경성대점,부산광역시,남구,부산광역시 남구 수영로298번길 9
48904,홍콩반점앤빽다방,부산구남역점,부산광역시,북구,부산광역시 북구 백양대로 1038
58595,빽다방부산장림점,부산장림점,부산광역시,사하구,부산광역시 사하구 장림번영로103번길 5
82128,빽다방,부산중앙사거리점,부산광역시,중구,부산광역시 중구 중앙대로81번길 8
93590,빽다방,서면롯데점,부산광역시,부산진구,부산광역시 부산진구 서면로 63-1
122727,빽다방,반여대림점,부산광역시,해운대구,부산광역시 해운대구 선수촌로 95
7607,빽다방공덕새창로점,공덕새창로점,서울특별시,마포구,서울특별시 마포구 새창로 15-1
8565,빽다방서초우성점,서초우성점,서울특별시,서초구,서울특별시 서초구 사임당로 181
19901,빽다방중계은행사거리점,중계은행사거리점,서울특별시,노원구,서울특별시 노원구 한글비석로 235
26972,빽다방성신여대점,성신여대점,서울특별시,성북구,서울특별시 성북구 동소문로20나길 3
27346,빽다방신림역1호점,신림역1호점,서울특별시,관악구,서울특별시 관악구 남부순환로 1592
29000,빽다방,,서울특별시,강남구,서울특별시 강남구 강남대로 358
29597,빽다방,방이역코오롱점,서울특별시,송파구,서울특별시 송파구 마천로 25
33178,빽다방방화사거리점,방화사거리점,서울특별시,강서구,서울특별시 강서구 금낭화로 91-2
34212,빽다방이태원점,이태원점,서울특별시,용산구,서울특별시 용산구 보광로59길 37
37247,빽다방종로관철점,종로관철점,서울특별시,종로구,서울특별시 종로구 종로10길 21
37721,빽다방종암사거리점,종암사거리점,서울특별시,성북구,서울특별시 성북구 종암로 132
37868,빽다방천호역로데오점,천호역로데오점,서울특별시,강동구,서울특별시 강동구 올림픽로70길 57
37976,빽다방중랑역동부시장점,중랑역동부시장점,서울특별시,중랑구,서울특별시 중랑구 망우로32길 14
38595,빽다방,반포고투몰점,서울특별시,서초구,서울특별시 서초구 신반포로 176
38897,빽다방한양대점,한양대점,서울특별시,성동구,서울특별시 성동구 마조로 21
39126,빽다방월계광운대점,월계광운대점,서울특별시,노원구,서울특별시 노원구 광운로 43
39512,빽다방,길음역점,서울특별시,성북구,서울특별시 성북구 동소문로 248
39858,빽다방,월곡역점,서울특별시,성북구,서울특별시 성북구 화랑로 91
40840,빽다방서울과기대점,서울과기대점,서울특별시,노원구,서울특별시 노원구 공릉로 217
40896,빽다방을지로입구역점,을지로입구역점,서울특별시,중구,서울특별시 중구 남대문로9길 10
41170,빽다방반포고투몰2호점,반포고투몰2호점,서울특별시,서초구,서울특별시 서초구 신반포로 200
42325,빽다방,건대로데오점,서울특별시,광진구,서울특별시 광진구 아차산로 220
44947,빽다방,보라매타운점,서울특별시,동작구,서울특별시 동작구 보라매로5가길 7
46156,빽다방,강변역점,서울특별시,광진구,서울특별시 광진구 강변역로4길 10
49394,빽다방,마포경찰서점,서울특별시,마포구,서울특별시 마포구 마포대로 179
49628,빽다방,암사역점,서울특별시,강동구,서울특별시 강동구 올림픽로 770
54351,빽다방,개봉역점,서울특별시,구로구,서울특별시 구로구 남부순환로97길 3
54650,빽다방,선정릉역점,서울특별시,강남구,서울특별시 강남구 선릉로 567
56070,빽다방동대문역점,동대문역점,서울특별시,종로구,서울특별시 종로구 종로 300-1
56868,빽다방청담영동고점,청담영동고점,서울특별시,강남구,서울특별시 강남구 선릉로 720
57149,빽다방,연신내사거리점,서울특별시,은평구,서울특별시 은평구 통일로 840
57307,빽다방,아차산점,서울특별시,광진구,서울특별시 광진구 천호대로129길 17
57869,빽다방,안암역점,서울특별시,성북구,서울특별시 성북구 인촌로 99-7
58241,빽다방,잠실장미상가점,서울특별시,송파구,서울특별시 송파구 올림픽로35길 104
59718,빽다방강동역헤르셔점,강동역헤르셔점,서울특별시,강동구,서울특별시 강동구 천호대로 1089
68588,빽다방-목동사거리점,목동사거리점,서울특별시,강서구,서울특별시 강서구 곰달래로 272
70287,빽다방,역삼GS점,서울특별시,강남구,서울특별시 강남구 봉은사로30길 73
75634,빽다방,약수역점,서울특별시,중구,서울특별시 중구 다산로 131
75937,빽다방,,서울특별시,강동구,서울특별시 강동구 천호옛길 94
77835,빽다방,명지대,서울특별시,서대문구,서울특별시 서대문구 거북골로 19
78032,명지대빽다방,,서울특별시,서대문구,서울특별시 서대문구 거북골로 19
84631,빽다방,잠실신천점,서울특별시,송파구,서울특별시 송파구 백제고분로7길 45
88659,빽다방,성수역롯데캐슬점,서울특별시,성동구,서울특별시 성동구 성수이로 113
90045,빽다방사가정역점,사가정역점,서울특별시,중랑구,서울특별시 중랑구 면목로 330-1
91272,빽다방,마곡나루역북부점,서울특별시,강서구,서울특별시 강서구 마곡중앙5로1길 20
94719,빽다방구로시장점,구로시장점,서울특별시,구로구,서울특별시 구로구 구로동로26길 125
100292,빽다방,세종대후문점,서울특별시,광진구,서울특별시 광진구 군자로 108
105297,빽다방태평로점,태평로점,서울특별시,중구,서울특별시 중구 세종대로 82
107343,빽다방명일역점,명일역점,서울특별시,강동구,서울특별시 강동구 구천면로 418
109135,빽다방신림역2호점,신림역2호점,서울특별시,관악구,서울특별시 관악구 신림로 322
113318,빽다방,응암역점,서울특별시,은평구,서울특별시 은평구 은평로 56
113475,빽다방,,서울특별시,동대문구,서울특별시 동대문구 장한로 140
115045,빽다방,돈암아리랑점,서울특별시,성북구,서울특별시 성북구 아리랑로 75
118245,빽다방둔촌동역점,둔촌동역점,서울특별시,강동구,서울특별시 강동구 양재대로 1339
119944,빽다방,신대방삼거리점,서울특별시,동작구,서울특별시 동작구 국사봉1길 28
119964,빽다방,봉천역점,서울특별시,관악구,서울특별시 관악구 남부순환로 1729
120942,빽다방,잠실역지하도점,서울특별시,송파구,서울특별시 송파구 올림픽로 265
121372,빽다방,노원문화의거리점,서울특별시,노원구,서울특별시 노원구 노해로79길 6-19
129270,빽다방,양재시민의숲역,서울특별시,서초구,서울특별시 서초구 마방로2길 94
131122,빽다방,당산역점,서울특별시,영등포구,서울특별시 영등포구 양평로 28-1
131843,빽다방,월곡래미안점,서울특별시,성북구,서울특별시 성북구 오패산로 98
131913,빽다방,영등포신세계점,서울특별시,영등포구,서울특별시 영등포구 영중로 5
132845,빽다방,천왕역점,서울특별시,구로구,서울특별시 구로구 오리로 1149
133265,빽다방,영등포구청점,서울특별시,영등포구,서울특별시 영등포구 당산로 113
133432,빽다방,가산두산위브점,서울특별시,금천구,서울특별시 금천구 가산로 99
133574,빽다방,구의역점,서울특별시,광진구,서울특별시 광진구 아차산로 380
134824,빽다방,오류동역남부점,서울특별시,구로구,서울특별시 구로구 오류로8길 64
135382,빽다방,답십리사거리점,서울특별시,동대문구,서울특별시 동대문구 전농로 97-1
135429,빽다방,굽은다리역점,서울특별시,강동구,서울특별시 강동구 양재대로 1576
135753,빽다방,신림난곡점,서울특별시,관악구,서울특별시 관악구 난곡로 178
139733,빽다방,불광역점,서울특별시,은평구,서울특별시 은평구 통일로 738
140595,빽다방,응암대림시장점,서울특별시,은평구,서울특별시 은평구 응암로 169
140893,빽다방노원역북부점,노원역북부점,서울특별시,노원구,서울특별시 노원구 상계로3길 21
141647,빽다방,까치산역점,서울특별시,강서구,서울특별시 강서구 강서로 48
142381,빽다방,수유역점,서울특별시,강북구,서울특별시 강북구 도봉로 352
144461,빽다방,구파발역미켈란점,서울특별시,은평구,서울특별시 은평구 진관2로 15-8
144496,빽다방,대치동학원가점,서울특별시,강남구,서울특별시 강남구 도곡로77길 8
146251,빽다방망원시장점,망원시장점,서울특별시,마포구,서울특별시 마포구 월드컵로13길 34
148094,빽다방청량리역점,청량리역점,서울특별시,동대문구,서울특별시 동대문구 왕산로 209
150720,빽다방압구정로데오점,압구정로데오점,서울특별시,강남구,서울특별시 강남구 선릉로161길 25
174869,빽다방,올림픽북단점,서울특별시,광진구,서울특별시 광진구 아차산로 480
174870,빽다방,강서블루나인점,서울특별시,강서구,서울특별시 강서구 양천로 583
176463,빽다방신사역점,신사역점,서울특별시,강남구,서울특별시 강남구 도산대로11길 34
176634,빽다방,상왕십리역점,서울특별시,성동구,서울특별시 성동구 왕십리로 363-1
176871,빽다방,구로KT점,서울특별시,관악구,서울특별시 관악구 남부순환로 1377
177951,빽다방,선유도역점,서울특별시,영등포구,서울특별시 영등포구 양평로 120
178157,빽다방,합정역점,서울특별시,마포구,서울특별시 마포구 월드컵로1길 14
179555,빽다방,창동역점,서울특별시,도봉구,서울특별시 도봉구 마들로11길 57
179802,빽다방,신설동역1호점,서울특별시,동대문구,서울특별시 동대문구 왕산로 20
185362,빽다방,강북구청점,서울특별시,강북구,서울특별시 강북구 도봉로87길 48
186280,빽다방중앙대병원점,중앙대병원점,서울특별시,동작구,서울특별시 동작구 흑석로 93
190569,빽다방,가락시장역점,서울특별시,송파구,서울특별시 송파구 송파대로28길 27
193277,빽다방,구로삼성IT점,서울특별시,구로구,서울특별시 구로구 디지털로33길 27
199277,빽다방,우장산역점,서울특별시,강서구,서울특별시 강서구 강서로 245
209469,PAIKSCOFFEE,,서울특별시,송파구,서울특별시 송파구 올림픽로35길 104
219667,빽다방,서여의도점,서울특별시,영등포구,서울특별시 영등포구 국회대로68길 11
224929,빽다방,신대방역점,서울특별시,관악구,서울특별시 관악구 난곡로 363
256380,빽다방,남대문시장점,서울특별시,중구,서울특별시 중구 퇴계로 37
256417,빽다방,구로로제리움점,서울특별시,구로구,서울특별시 구로구 가마산로26길 5
259687,빽다방,발산역플레이스점,서울특별시,강서구,서울특별시 강서구 강서로 395
266550,빽다방,대학로CGV점,서울특별시,종로구,서울특별시 종로구 대학로 143
268950,빽다방,은평초교점,서울특별시,은평구,서울특별시 은평구 은평로 235
272382,빽다방,신용산역점,서울특별시,용산구,서울특별시 용산구 새창로 213
273208,빽다방,신촌역점,서울특별시,서대문구,서울특별시 서대문구 연세로2길 6
276087,빽다방,낙성대역점,서울특별시,관악구,서울특별시 관악구 남부순환로 1919
279611,빽다방,,서울특별시,노원구,서울특별시 노원구 노해로 482
283673,빽다방,방이시장점,서울특별시,송파구,서울특별시 송파구 백제고분로48길 6
283895,빽다방,원효용문시장점,서울특별시,용산구,서울특별시 용산구 새창로 132
284031,빽다방강남소망점,강남소망점,서울특별시,강남구,서울특별시 강남구 언주로159길 3
286104,빽다방,화곡역점,서울특별시,강서구,서울특별시 강서구 화곡로25길 2
289562,빽다방PAIKSCOFFEE,,서울특별시,마포구,서울특별시 마포구 마포대로4길 16
290462,빽다방명동중앙우체,,서울특별시,중구,서울특별시 중구 남대문로 58-1
292095,빽다방,강남역지하도점,서울특별시,강남구,서울특별시 강남구 강남대로 396
296130,빽다방,방학역점,서울특별시,도봉구,서울특별시 도봉구 도봉로153길 20
303108,빽다방,상도E편한점,서울특별시,동작구,서울특별시 동작구 만양로 6
306263,빽다방,도봉구민회관점,서울특별시,도봉구,서울특별시 도봉구 도봉로 551
307434,빽다방,금호금남시장점,서울특별시,성동구,서울특별시 성동구 독서당로 296
308009,빽다방,미아역점,서울특별시,강북구,서울특별시 강북구 도봉로 190
308436,빽다방,송파사거리점,서울특별시,송파구,서울특별시 송파구 가락로 113
309210,빽다방,먹골역점,서울특별시,중랑구,서울특별시 중랑구 공릉로2길 7
309950,빽다방,용답로데오점,서울특별시,성동구,서울특별시 성동구 용답중앙15길 18
311328,빽다방,상봉역점,서울특별시,중랑구,서울특별시 중랑구 면목로 481
311901,빽다방,화양사거리점,서울특별시,성동구,서울특별시 성동구 아차산로17길 57
312481,빽다방,강동구청점,서울특별시,강동구,서울특별시 강동구 성내로3길 1
312817,빽다방,홍대거리점,서울특별시,마포구,서울특별시 마포구 어울마당로 75
312959,빽다방,신용산해링턴점,서울특별시,용산구,서울특별시 용산구 서빙고로 17
313431,빽다방,행당무학점,서울특별시,성동구,서울특별시 성동구 행당로 121
6052,빽다방,세종시청점,세종특별자치시,세종특별자치시,세종특별자치시 세종특별자치시 한누리대로 2135
7444,빽다방,세종새롬중앙점,세종특별자치시,세종특별자치시,세종특별자치시 세종특별자치시 새롬중앙로 47
8589,빽다방,,세종특별자치시,세종특별자치시,세종특별자치시 세종특별자치시 한누리대로 422
10756,빽다방,어반아트리움점,세종특별자치시,세종특별자치시,세종특별자치시 세종특별자치시 나성북로 30
10833,빽다방,세종아름점,세종특별자치시,세종특별자치시,세종특별자치시 세종특별자치시 보듬3로 92
5672,빽다방,울산삼산현대점,울산광역시,남구,울산광역시 남구 삼산로 277
7426,빽다방,울산삼산점,울산광역시,남구,울산광역시 남구 삼산로277번길 8
8135,빽다방,울산상안중앙점,울산광역시,북구,울산광역시 북구 아진로 41-12
8145,빽다방,울산공업탑점,울산광역시,남구,울산광역시 남구 두왕로 324
18254,빽다방,울산송정중앙점,울산광역시,북구,울산광역시 북구 송정16길 26
18269,빽다방,울산옥동점,울산광역시,남구,울산광역시 남구 거마로 15
20766,빽다방,울산달동1호점,울산광역시,남구,울산광역시 남구 신정로17번길 6
26088,빽다방,울산일산점,울산광역시,동구,울산광역시 동구 일산진11길 23
42409,빽다방,울산삼산현대점,울산광역시,남구,울산광역시 남구 돋질로302번길 17
6889,빽다방,동인천역점,인천광역시,중구,인천광역시 중구 자유공원로 5
9527,빽다방,구월아시아점,인천광역시,남동구,인천광역시 남동구 인하로 607
12565,빽다방인천신기시장점,인천신기시장점,인천광역시,미추홀구,"인천광역시 미추홀구 소성로 240, (학익동, 영남들국화아파트)"
12787,빽다방,NC점,인천광역시,남동구,인천광역시 남동구 인하로 485
15666,빽다방,연수점,인천광역시,연수구,인천광역시 연수구 먼우금로188번길 12
15803,빽다방,계양구청점,인천광역시,계양구,인천광역시 계양구 계산새로 71
17735,빽다방,주안역점,인천광역시,미추홀구,"인천광역시 미추홀구 소성로 240, (학익동, 영남들국화아파트)"
18801,빽다방,구월엔씨점,인천광역시,남동구,인천광역시 남동구 인하로 497-9
19784,빽다방,부평로데오점,인천광역시,부평구,인천광역시 부평구 부평대로20번길 18-1
19855,빽다방,인천작전역점,인천광역시,계양구,인천광역시 계양구 효서로 233-1
21378,빽다방,인천송도점,인천광역시,연수구,인천광역시 연수구 컨벤시아대로 81
22578,빽다방,인천길병원점,인천광역시,남동구,인천광역시 남동구 구월남로 174
23104,빽다방,인천서창E편한점,인천광역시,남동구,인천광역시 남동구 서창남로 48
26988,빽다방,인천임학역점,인천광역시,계양구,인천광역시 계양구 장제로 885-1
28869,빽다방,인천검단사거리점,인천광역시,서구,인천광역시 서구 검단로 474
32778,빽다방,인천차이나타운점,인천광역시,중구,인천광역시 중구 차이나타운로 24-2
33076,빽다방,인천신포시장점,인천광역시,중구,인천광역시 중구 개항로 32
33590,빽다방,구월로데오점,인천광역시,남동구,인천광역시 남동구 성말로 9
33960,빽다방,인천모래내시장점,인천광역시,남동구,인천광역시 남동구 구월로 268
37449,빽다방,인천계양맛길점,인천광역시,계양구,인천광역시 계양구 도두리로 33
37466,빽다방,영종운서역점,인천광역시,중구,인천광역시 중구 신도시남로142번길 6
37782,빽다방,인천마전역점,인천광역시,서구,인천광역시 서구 완정로 60
39855,빽다방송도커낼워크점,송도커낼워크점,인천광역시,연수구,인천광역시 연수구 아트센터대로 131
41358,빽다방,인천원당점,인천광역시,서구,인천광역시 서구 고산후로95번안길 21
44766,빽다방,인천강화군청점,인천광역시,강화군,인천광역시 강화군 강화읍 강화대로 396
47133,빽다방인천용현토지점,인천용현토지점,인천광역시,미추홀구,"인천광역시 미추홀구 소성로 240, (학익동, 영남들국화아파트)"
51487,빽다방송도캠퍼스타운점,송도캠퍼스타운점,인천광역시,연수구,인천광역시 연수구 송도과학로27번길 55
53802,빽다방,,인천광역시,연수구,인천광역시 연수구 송도과학로27번길 70
54779,빽다방,인천남동초교점,인천광역시,남동구,인천광역시 남동구 장승남로 41
56106,빽다방,인천루원시티점,인천광역시,서구,인천광역시 서구 봉오재3로 96
57057,빽다방,송림오거리점,인천광역시,동구,인천광역시 동구 송림로 91
73105,빽다방,인천월미도점,인천광역시,중구,인천광역시 중구 월미로 237
73990,빽다방,청라쓰리엠점,인천광역시,서구,인천광역시 서구 중봉대로586번길 9-4
76502,빽다방,,인천광역시,계양구,인천광역시 계양구 안남로 548
76562,빽다방,인천계산삼거리점,인천광역시,계양구,인천광역시 계양구 경명대로 1059
83167,빽다방,,인천광역시,부평구,인천광역시 부평구 열우물로 39
83295,빽다방,가좌한신점,인천광역시,서구,인천광역시 서구 장고개로337번길 16
87354,빽다방,인천구월CGV점,인천광역시,남동구,인천광역시 남동구 예술로 198
88528,빽다방,인천굴포천역2호점,인천광역시,부평구,인천광역시 부평구 장제로 224
91340,빽다방,,인천광역시,서구,인천광역시 서구 청라라임로 65
92805,빽다방,영종하늘도시점,인천광역시,중구,인천광역시 중구 하늘별빛로 75
94699,빽다방,,인천광역시,남동구,인천광역시 남동구 소래역남로 10
95519,빽다방,인천서구청점,인천광역시,서구,인천광역시 서구 탁옥로 45
96267,빽다방,인천청라커낼점,인천광역시,서구,인천광역시 서구 청라커낼로260번길 15
97834,빽다방,갈산역점,인천광역시,부평구,인천광역시 부평구 부평대로 293
99803,빽다방,국제성모병원점,인천광역시,서구,인천광역시 서구 탁옥로 104
100059,빽다방베이커리,인천동춘점,인천광역시,연수구,인천광역시 연수구 앵고개로 256
100145,빽다방,인천원창북항점,인천광역시,서구,인천광역시 서구 북항로32번안길 35
100223,빽다방,부평금호점,인천광역시,부평구,인천광역시 부평구 원길로 34
100477,빽다방,호구포역점,인천광역시,남동구,인천광역시 남동구 논현로 42
101007,빽다방,부평남부역점,인천광역시,부평구,인천광역시 부평구 경인로 948
101337,빽다방,작전현대점,인천광역시,계양구,인천광역시 계양구 효서로 377
23258,빽다방,목포옥암점,전라남도,목포시,전라남도 목포시 당가두로 18
30359,빽다방,여수여천점,전라남도,여수시,전라남도 여수시 망마로 47
39052,빽다방목포평화광장점,목포평화광장점,전라남도,목포시,전라남도 목포시 원형로 4-1
42546,빽다방,순천호수공원점,전라남도,순천시,전라남도 순천시 왕지2길 15
44340,빽다방,목포용해점,전라남도,목포시,전라남도 목포시 연산백련로 13
46750,빽다방,순천대점,전라남도,순천시,전라남도 순천시 삼산2길 33
46790,빽다방여수웅천해변점,여수웅천해변점,전라남도,여수시,전라남도 여수시 예울마루로 37-15
49582,빽다방,무안전남도청점,전라남도,무안군,전라남도 무안군 삼향읍 남악3로82번길 14
54311,빽다방,광양중마사랑점,전라남도,광양시,전라남도 광양시 공영로 67
57785,빽다방,,전라남도,목포시,전라남도 목포시 원산중앙로 10
61436,빽다방,목포터미널점,전라남도,목포시,전라남도 목포시 영산로 515
61650,빽다방,순천신대1호점,전라남도,순천시,전라남도 순천시 해룡면 좌야로 135
84694,빽다방,목포역점,전라남도,목포시,전라남도 목포시 수문로 9
90917,빽다방,목포장미의거리점,전라남도,목포시,전라남도 목포시 장미로 23
108181,빽다방,석현점,전라남도,목포시,전라남도 목포시 영산로 626
108246,빽다방,진남관점,전라남도,여수시,전라남도 여수시 동문로 9
108934,빽다방,삼호대불점,전라남도,영암군,전라남도 영암군 삼호읍 대불주거5로 6
109006,빽다방,무안남악시장점,전라남도,무안군,전라남도 무안군 삼향읍 남악5로48번길 5
109064,빽다방,화순광덕점,전라남도,화순군,전라남도 화순군 화순읍 중앙로 93
109089,빽다방,목포용당점,전라남도,목포시,전라남도 목포시 영산로 257
4602,빽다방,전북대1호점,전라북도,전주시 덕진구,전라북도 전주시 덕진구 권삼득로 301
16661,빽다방,전주혁신1호점,전라북도,전주시 완산구,전라북도 전주시 완산구 오공로 33-14
18038,빽다방,익산영등제일점,전라북도,익산시,전라북도 익산시 고봉로30길 4
21325,빽다방,김제터미널점,전라북도,김제시,전라북도 김제시 동서로 232
33002,빽다방,전주동산점,전라북도,전주시 덕진구,전라북도 전주시 덕진구 쪽구름로 58
40198,빽다방,익산시민공원점,전라북도,익산시,전라북도 익산시 무왕로13길 17
41224,빽다방,전주혁신1호점,전라북도,전주시 덕진구,전라북도 전주시 덕진구 기지로 77
47662,빽다방,전주예수병원점,전라북도,전주시 완산구,전라북도 전주시 완산구 서원로 345
50513,빽다방정읍터미널점,정읍터미널점,전라북도,정읍시,전라북도 정읍시 중앙로 41
59681,빽다방,남원중앙점,전라북도,남원시,전라북도 남원시 남문로 447
63827,빽다방전주대점,전주대점,전라북도,전주시 완산구,전라북도 전주시 완산구 백마산길 23
78876,빽다방,전주서신중앙점,전라북도,전주시 완산구,전라북도 전주시 완산구 당산로 43
100440,빽다방,전주송천오송점,전라북도,전주시 덕진구,전라북도 전주시 덕진구 천마산로 52
103949,빽다방,,전라북도,고창군,전라북도 고창군 고창읍 중거리당산로 177
105100,빽다방,에코시티점,전라북도,전주시 덕진구,전라북도 전주시 덕진구 세병로 22
105145,빽다방,,전라북도,익산시,전라북도 익산시 선화로3길 33-16
105147,빽다방,군산나운점,전라북도,군산시,전라북도 군산시 하나운로 79
105520,빽다방,정읍상동점,전라북도,정읍시,전라북도 정읍시 학산로 104
105549,빽다방,전북부안점,전라북도,부안군,전라북도 부안군 부안읍 번영로 123
105634,빽다방,진안점,전라북도,진안군,전라북도 진안군 진안읍 진무로 1105-1
3453,빽다방,서귀포시청점,제주특별자치도,서귀포시,제주특별자치도 서귀포시 중앙로 99
6118,빽다방,제주외도점,제주특별자치도,제주시,제주특별자치도 제주시 우정로15길 1
8892,빽다방,탐라도서관점,제주특별자치도,제주시,제주특별자치도 제주시 노형6길 27
17657,빽다방,호텔더본제주점,제주특별자치도,서귀포시,제주특별자치도 서귀포시 색달로 18
26937,빽다방,제주대학로점,제주특별자치도,제주시,제주특별자치도 제주시 광양8길 12-1
26977,빽다방베이커리앤,베이커리앤,제주특별자치도,서귀포시,제주특별자치도 서귀포시 색달로 18
28926,빽다방,제주서귀포시청점,제주특별자치도,서귀포시,제주특별자치도 서귀포시 중앙로 111
31282,빽다방,제주중앙여고점,제주특별자치도,제주시,제주특별자치도 제주시 남광로2길 43-13
41081,빽다방,제주성산일출봉점,제주특별자치도,서귀포시,제주특별자치도 서귀포시 성산읍 성산등용로 4-4
41720,빽다방,이중섭거리점,제주특별자치도,서귀포시,제주특별자치도 서귀포시 이중섭로 4
42283,빽다방,베이커리제주사수본점,제주특별자치도,제주시,제주특별자치도 제주시 서해안로 291-5
44634,빽다방,서귀포올레시장점,제주특별자치도,서귀포시,제주특별자치도 서귀포시 중정로61번길 19
44742,빽다방,제주연동사거리점,제주특별자치도,제주시,제주특별자치도 제주시 선덕로 1
45130,빽다방,제주동광육거리점,제주특별자치도,서귀포시,제주특별자치도 서귀포시 안덕면 신화역사로 502
2441,빽다방,보령중앙로점,충청남도,보령시,충청남도 보령시 중앙로 81
4405,빽다방,홍성내포중앙점,충청남도,홍성군,"충청남도 홍성군 홍북읍 청사로174번길 2, (신경리)"
15396,빽다방,공주대점,충청남도,공주시,충청남도 공주시 공주대학로 87
15927,빽다방,천안쌍용이마트점,충청남도,천안시 서북구,충청남도 천안시 서북구 충무로 196
17878,빽다방,아산터미널점,충청남도,아산시,충청남도 아산시 번영로 217
18903,빽다방,천안불당지웰점,충청남도,천안시 서북구,충청남도 천안시 서북구 불당26로 50
23655,빽다방,신방점,충청남도,천안시 동남구,충청남도 천안시 동남구 통정4로 10
23835,빽다방,천안직산점,충청남도,천안시 서북구,충청남도 천안시 서북구 직산읍 삼은3길 13
23854,빽다방,천안청당점,충청남도,천안시 동남구,충청남도 천안시 동남구 청수4로 10
30701,빽다방,당진문예의전당점,충청남도,당진시,충청남도 당진시 시청1로 77
35876,빽다방,온양온천역점,충청남도,아산시,충청남도 아산시 온궁로 22-4
49006,빽다방,천안백석점,충청남도,천안시 서북구,충청남도 천안시 서북구 백석4길 44
51553,빽다방,천안역점,충청남도,천안시 동남구,충청남도 천안시 동남구 대흥로 228
52750,빽다방,신용화점,충청남도,아산시,충청남도 아산시 용화고길55번길 21
53298,빽다방당진읍내점,당진읍내점,충청남도,당진시,충청남도 당진시 당진중앙2로 103-11
56688,빽다방,천안두정역점,충청남도,천안시 서북구,충청남도 천안시 서북구 두정로 271
62642,빽다방,예산터미널점,충청남도,예산군,충청남도 예산군 예산읍 역전로140번길 2
94650,빽다방,홍성로데오점,충청남도,홍성군,충청남도 홍성군 홍성읍 아문길29번길 56
95737,빽다방,서산터미널점,충청남도,서산시,충청남도 서산시 율지8로 4
95980,빽다방,천안성정롯데점,충청남도,천안시 서북구,충청남도 천안시 서북구 서부3길 77
104785,빽다방,천안구성점,충청남도,천안시 동남구,충청남도 천안시 동남구 충절로 292
106491,빽다방,태안터미널점,충청남도,태안군,충청남도 태안군 태안읍 동백로 307
106817,빽다방,천안성환중앙점,충청남도,천안시 서북구,충청남도 천안시 서북구 성환읍 성환2로 105
111784,빽다방,아산북수점,충청남도,아산시,충청남도 아산시 배방읍 북수서로 34
111990,빽다방,논산터미널점,충청남도,논산시,충청남도 논산시 계백로 1000
112519,빽다방,아산테크노밸리점,충청남도,아산시,충청남도 아산시 둔포면 아산밸리중앙로 83
112632,빽다방,천안시청점,충청남도,천안시 서북구,충청남도 천안시 서북구 불당25로 208
113130,빽다방,아산순천향대학교점,충청남도,아산시,충청남도 아산시 신창면 순천향로 23
113745,빽다방,아산탕정점,충청남도,아산시,충청남도 아산시 탕정면 탕정면로8번길 33-14
113961,빽다방,당진기지시점,충청남도,당진시,충청남도 당진시 송악읍 반촌로 70-17
17814,빽다방,청주오송점,충청북도,청주시 흥덕구,충청북도 청주시 흥덕구 오송읍 오송생명5로 179
18261,빽다방,청주금천광장점,충청북도,청주시 상당구,충청북도 청주시 상당구 산성로98번길 35
26143,빽다방,청주가경골드점,충청북도,청주시 흥덕구,충청북도 청주시 흥덕구 가경로 9-22
27313,빽다방청주산남점,청주산남점,충청북도,청주시 서원구,충청북도 청주시 서원구 산남로 64
29656,빽다방,청주지웰시티점,충청북도,청주시 흥덕구,충청북도 청주시 흥덕구 대농로 39
34774,빽다방,충북영동점,충청북도,영동군,충청북도 영동군 영동읍 계산로 3
36573,빽다방,청주터미널점,충청북도,청주시 흥덕구,충청북도 청주시 흥덕구 풍년로 148-1
48365,빽다방,충북옥천점,충청북도,옥천군,충청북도 옥천군 옥천읍 중앙로 45-1
59722,빽다방,청주성안롯데점,충청북도,청주시 상당구,충청북도 청주시 상당구 성안로 13
64062,빽다방,충주신연수리첼점,충청북도,충주시,충청북도 충주시 번영대로 216
65018,빽다방,청주분평중앙점,충청북도,청주시 서원구,충청북도 청주시 서원구 1순환로1107번길 20
65506,빽다방,청주율량중앙점,충청북도,청주시 청원구,충청북도 청주시 청원구 율량로 104
70264,빽다방,충북대중문점,충청북도,청주시 서원구,충청북도 청주시 서원구 내수동로 101
81932,빽다방,서원대점,충청북도,청주시 서원구,충청북도 청주시 서원구 서원남로 50-5
83276,빽다방,진천점,충청북도,진천군,충청북도 진천군 진천읍 상산로 73
83369,빽다방,청주강서점,충청북도,청주시 흥덕구,충청북도 청주시 흥덕구 강서로 115
83757,빽다방,,충청북도,증평군,충청북도 증평군 증평읍 중앙로 197
